t_s,TAS_m_s,ref_m_s,thrust_N,err_m_s
0.0,61.73328,61.73328,476.6719970703125,0.0
0.1,61.662437912291814,61.73328,42.71817398071289,0.07084208770818634
0.2,61.57716762597482,61.73328,87.26419067382812,0.1561123740251773
0.30000000000000004,61.49345667744809,61.73328,129.6824951171875,0.23982332255191352
0.4,61.41123210164982,61.73328,171.6131591796875,0.3220478983501778
0.5,61.330475783359496,61.73328,213.0532684326172,0.40280421664050436
0.6000000000000001,61.25116955471571,61.73328,254.00613403320312,0.4821104452842917
0.7000000000000001,61.17329540223519,61.73328,294.48193359375,0.5599845977648101
0.8,61.09683569507553,61.73328,334.47833251953125,0.6364443049244741
0.9,61.02177276611854,61.73328,374.004150390625,0.7115072338814628
1.0,60.94808928358272,61.73328,413.0643310546875,0.7851907164172829
1.1,60.87576812053597,61.73328,451.66217041015625,0.8575118794640275
1.2000000000000002,60.80479229891275,61.73328,489.80108642578125,0.9284877010872492
1.3,60.73514499269013,61.73328,527.4848022460938,0.9981350073098696
1.4000000000000001,60.66680953719106,61.73328,564.7215576171875,1.0664704628089439
1.5,60.599769579010854,61.73328,601.51220703125,1.133510420989147
1.6,60.534008828459925,61.73328,637.863037109375,1.199271171540076
1.7000000000000002,60.46951124016725,61.73328,673.7752075195312,1.2637687598327503
1.8,60.406260841007885,61.73328,709.2576904296875,1.3270191589921154
1.9000000000000001,60.344241990209376,61.73328,744.311279296875,1.3890380097906245
2.0,60.283439105351164,61.73328,778.9403076171875,1.4498408946488368
2.1,60.22383677985947,61.73328,813.151123046875,1.5094432201405326
2.2,60.165419849483236,61.73328,846.9429321289062,1.5678601505167649
2.3000000000000003,60.10817315304943,61.73328,880.3251342773438,1.6251068469505725
2.4000000000000004,60.052081872174966,61.73328,913.2987670898438,1.6811981278250343
2.5,59.99713125122068,61.73328,945.8685302734375,1.7361487487793212
2.6,59.94330671893162,61.73328,978.0386962890625,1.7899732810683773
2.7,59.890593873463345,61.73328,1009.81103515625,1.8426861265366554
2.8000000000000003,59.8389783981427,61.73328,1041.1927490234375,1.8943016018573005
2.9000000000000004,59.78844624223349,61.73328,1072.1856689453125,1.94483375776651
3.0,59.738983440873994,61.73328,1102.7919921875,1.9942965591260062
3.1,59.6905761267189,61.73328,1133.01904296875,2.0427038732810985
3.2,59.64321070054629,61.73328,1162.866455078125,2.0900692994537096
3.3000000000000003,59.5968735737904,61.73328,1192.341552734375,2.1364064262096036
3.4000000000000004,59.551551424827224,61.73328,1221.4464111328125,2.1817285751727766
3.5,59.50723102305198,61.73328,1250.183837890625,2.2260489769480216
3.6,59.463899252806804,61.73328,1278.5611572265625,2.269380747193196
3.7,59.421543263659366,61.73328,1306.5755615234375,2.3117367363406345
3.8000000000000003,59.38015013147913,61.73328,1334.2354736328125,2.353129868520874
3.9000000000000004,59.3397072330401,61.73328,1361.5428466796875,2.393572766959899
4.0,59.30020202937587,61.73328,1388.500732421875,2.433077970624133
4.1000000000000005,59.2616221019964,61.73328,1415.112060546875,2.471657898003599
4.2,59.223955148332365,61.73328,1441.38427734375,2.5093248516676354
4.3,59.187189132081194,61.73328,1467.31298828125,2.5460908679188066
4.4,59.15131188728402,61.73328,1492.908935546875,2.581968112715984
4.5,59.11631162345991,61.73328,1518.17431640625,2.6169683765400933
4.6000000000000005,59.08217663968751,61.73328,1543.107666015625,2.65110336031249
4.7,59.048895201915606,61.73328,1567.715087890625,2.6843847980843947
4.800000000000001,59.016455795353146,61.73328,1592.0015869140625,2.716824204646855
4.9,58.98484708731505,61.73328,1615.9681396484375,2.7484329126849474
5.0,58.954057792275925,61.73328,1639.6180419921875,2.779222207724075
5.1000000000000005,58.92407674896918,61.73328,1662.956787109375,2.809203251030823
5.2,58.89489299337251,61.73328,1685.9830322265625,2.8383870066274923
5.300000000000001,58.86649553002987,61.73328,1708.703125,2.8667844699701277
5.4,58.838873588570564,61.73328,1731.1199951171875,2.8944064114294363
5.5,58.812016509161495,61.73328,1753.2371826171875,2.9212634908385056
5.6000000000000005,58.78591376254685,61.73328,1775.0533447265625,2.947366237453153
5.7,58.76055478665986,61.73328,1796.57763671875,2.9727252133401407
5.800000000000001,58.73592933692542,61.73328,1817.810302734375,2.9973506630745774
5.9,58.71202718826733,61.73328,1838.750732421875,3.0212528117326727
6.0,58.68883810631914,61.73328,1859.4078369140625,3.0444418936808617
6.1000000000000005,58.666352165127236,61.73328,1879.782470703125,3.0669278348727644
6.2,58.64455947771905,61.73328,1899.875732421875,3.0887205222809513
6.300000000000001,58.623450204009146,61.73328,1919.68994140625,3.109829795990855
6.4,58.60301459131616,61.73328,1939.231201171875,3.13026540868384
6.5,58.583243100461864,61.73328,1958.5008544921875,3.1500368995381365
6.6000000000000005,58.564126246477045,61.73328,1977.502685546875,3.1691537535229557
6.7,58.5456546798959,61.73328,1996.236083984375,3.187625320104104
6.800000000000001,58.52781903974744,61.73328,2014.7054443359375,3.2054609602525588
6.9,58.51061012049787,61.73328,2032.9173583984375,3.222669879502128
7.0,58.49401894515441,61.73328,2050.867919921875,3.239261054845592
7.1000000000000005,58.47803641441609,61.73328,2068.56494140625,3.255243585583912
7.2,58.462653697883695,61.73328,2086.0068359375,3.2706263021163053
7.300000000000001,58.44786191988462,61.73328,2103.200927734375,3.2854180801153774
7.4,58.43365245689991,61.73328,2120.146484375,3.299627543100094
7.5,58.42001666824726,61.73328,2136.845458984375,3.3132633317527436
7.6000000000000005,58.406945985619515,61.73328,2153.30517578125,3.3263340143804854
7.7,58.39443209225426,61.73328,2169.521728515625,3.3388479077457376
7.800000000000001,58.38246654765284,61.73328,2185.5029296875,3.350813452347161
7.9,58.3710411788279,61.73328,2201.248046875,3.362238821172099
8.0,58.36014779469892,61.73328,2216.75927734375,3.373132205301083
8.1,58.34977828380769,61.73328,2232.0439453125,3.3835017161923133
8.200000000000001,58.3399247853561,61.73328,2247.09912109375,3.393355214643904
8.3,58.33057934655849,61.73328,2261.92919921875,3.4027006534415136
8.4,58.321734167152556,61.73328,2276.534912109375,3.4115458328474446
8.5,58.31338147692646,61.73328,2290.9228515625,3.4198985230735417
8.6,58.30551373125782,61.73328,2305.09033203125,3.4277662687421824
8.700000000000001,58.298123301105726,61.73328,2319.044677734375,3.435156698894275
8.8,58.29120280720939,61.73328,2332.78369140625,3.442077192790613
8.9,58.28474480192242,61.73328,2346.312255859375,3.448535198077579
9.0,58.27874200558204,61.73328,2359.63037109375,3.4545379944179615
9.1,58.27318714328926,61.73328,2372.74560546875,3.4600928567107374
9.200000000000001,58.2680731975508,61.73328,2385.65234375,3.4652068024492024
9.3,58.2633929678379,61.73328,2398.359130859375,3.4698870321620987
9.4,58.259139543449194,61.73328,2410.865478515625,3.4741404565508063
9.5,58.255306001649025,61.73328,2423.17431640625,3.4779739983509756
9.600000000000001,58.25188552174096,61.73328,2435.288330078125,3.481394478259041
9.700000000000001,58.2488713767979,61.73328,2447.20751953125,3.4844086232021
9.8,58.246256843875805,61.73328,2458.93505859375,3.487023156124195
9.9,58.244035309934986,61.73328,2470.475830078125,3.4892446900650143
10.0,58.24220032879358,61.73328,2481.82763671875,3.491079671206421
10.100000000000001,58.240745384567866,61.73328,2492.99365234375,3.4925346154321346
10.200000000000001,58.239664071012214,61.73328,2503.979248046875,3.4936159289877864
10.3,58.2389501647852,61.73328,2514.78173828125,3.494329835214799
10.4,58.23859735627946,61.73328,2525.4052734375,3.4946826437205374
10.5,58.238599477891945,61.73328,2535.854248046875,3.4946805221080552
10.600000000000001,58.23895051206098,61.73328,2546.12646484375,3.4943294879390194
10.700000000000001,58.23964437103457,61.73328,2556.22607421875,3.4936356289654285
10.8,58.24067510883409,61.73328,2566.153076171875,3.492604891165911
10.9,58.24203678255502,61.73328,2575.91552734375,3.491243217444982
11.0,58.243723721362294,61.73328,2585.505859375,3.489556278637707
11.100000000000001,58.245730004563995,61.73328,2594.93359375,3.487549995436005
11.200000000000001,58.24805003238295,61.73328,2604.1982421875,3.4852299676170517
11.3,58.250678191512755,61.73328,2613.30078125,3.482601808487246
11.4,58.253608904015124,61.73328,2622.2451171875,3.4796710959848767
11.5,58.256836725107206,61.73328,2631.031005859375,3.4764432748927945
11.600000000000001,58.2603562044794,61.73328,2639.659912109375,3.4729237955206003
11.700000000000001,58.26416194334585,61.73328,2648.137451171875,3.4691180566541533
11.8,58.26824873298955,61.73328,2656.459228515625,3.4650312670104526
11.9,58.27261122039756,61.73328,2664.634033203125,3.460668779602443
12.0,58.277244348551214,61.73328,2672.657470703125,3.4560356514487864
12.100000000000001,58.28214291602665,61.73328,2680.535400390625,3.45113708397335
12.200000000000001,58.28730191945928,61.73328,2688.2685546875,3.445978080540719
12.3,58.292716382227276,61.73328,2695.855712890625,3.4405636177727246
12.4,58.298381289208734,61.73328,2703.303466796875,3.4348987107912663
12.5,58.30429184766943,61.73328,2710.611572265625,3.428988152330568
12.600000000000001,58.310443258869995,61.73328,2717.779296875,3.4228367411300056
12.700000000000001,58.316830701758164,61.73328,2724.81201171875,3.4164492982418366
12.8,58.323449536784445,61.73328,2731.709228515625,3.409830463215556
12.9,58.330295110143666,61.73328,2738.471435546875,3.4029848898563344
13.0,58.337362786388766,61.73328,2745.102783203125,3.3959172136112343
13.100000000000001,58.3446480707039,61.73328,2751.606201171875,3.3886319292961034
13.200000000000001,58.35214656806504,61.73328,2757.97802734375,3.3811334319349626
13.3,58.359853763072074,61.73328,2764.22265625,3.3734262369279264
13.4,58.36776528904149,61.73328,2770.345458984375,3.3655147109585073
13.5,58.37587696053596,61.73328,2776.340087890625,3.357403039464039
13.600000000000001,58.38418438195533,61.73328,2782.213623046875,3.3490956180446716
13.700000000000001,58.3926833960317,61.73328,2787.966796875,3.340596603968301
13.8,58.401369871742055,61.73328,2793.6005859375,3.3319101282579453
13.9,58.41023971244982,61.73328,2799.116943359375,3.323040287550178
14.0,58.41928888849955,61.73328,2804.5166015625,3.3139911115004494
14.100000000000001,58.42851339642354,61.73328,2809.801513671875,3.3047666035764607
14.200000000000001,58.437909299694375,61.73328,2814.97265625,3.295370700305625
14.3,58.44747269608481,61.73328,2820.031494140625,3.285807303915192
14.4,58.45719973395992,61.73328,2824.979736328125,3.2760802660400827
14.5,58.46708662040839,61.73328,2829.818359375,3.2661933795916127
14.600000000000001,58.477129596760484,61.73328,2834.54931640625,3.2561504032395163
14.700000000000001,58.48732497118602,61.73328,2839.175537109375,3.245955028813981
14.8,58.49766915127452,61.73328,2843.6943359375,3.2356108487254787
14.9,58.50815845648576,61.73328,2848.110107421875,3.2251215435142413
15.0,58.51878935462397,77.1666,10615.3857421875,18.647810645376033
15.100000000000001,58.78877599026126,77.1666,10509.5908203125,18.377824009738745
15.200000000000001,59.05507209824752,77.1666,10431.146484375,18.11152790175248
15.3,59.318586180037805,77.1666,10353.212890625,17.848013819962198
15.4,59.57933029348248,77.1666,10275.87890625,17.587269706517525
15.5,59.837319743951944,77.1666,10199.1484375,17.329280256048058
15.600000000000001,60.09257023521983,77.1666,10123.0166015625,17.07402976478017
15.700000000000001,60.345097565901504,77.1666,10047.4912109375,16.821502434098498
15.8,60.59491804382893,77.1666,9972.56640625,16.57168195617107
15.9,60.84204802009641,77.1666,9898.244140625,16.32455197990359
16.0,61.08650414112986,77.1666,9824.5234375,16.080095858870145
16.1,61.32830324222326,77.1666,9751.404296875,15.838296757776746
16.2,61.567462371888624,77.1666,9678.88671875,15.599137628111379
16.3,61.80399878387512,77.1666,9606.9697265625,15.36260121612488
16.400000000000002,62.03792989687073,77.1666,9535.6494140625,15.128670103129274
16.5,62.269273189300165,77.1666,9464.9296875,14.897326810699838
16.6,62.498046453124346,77.1666,9394.8037109375,14.668553546875657
16.7,62.72426742818034,77.1666,9325.27734375,14.442332571819662
16.8,62.94795421958458,77.1666,9256.341796875,14.218645780415422
16.900000000000002,63.169124802072936,77.1666,9188.001953125,13.997475197927066
17.0,63.38779747052626,77.1666,9120.2509765625,13.778802529473744
17.1,63.6039904425899,77.1666,9053.091796875,13.562609557410106
17.2,63.81772217914568,77.1666,8986.517578125,13.34887782085432
17.3,64.029011052605,77.1666,8920.5283203125,13.137588947395002
17.400000000000002,64.23787556996538,77.1666,8855.126953125,12.92872443003462
17.5,64.44433446540404,77.1666,8790.3037109375,12.722265534595962
17.6,64.64840627131085,77.1666,8726.0615234375,12.518193728689155
17.7,64.85010973758781,77.1666,8662.39453125,12.316490262412188
17.8,65.04946353342292,77.1666,8599.3076171875,12.11713646657708
17.900000000000002,65.2464866015623,77.1666,8536.7900390625,11.920113398437707
18.0,65.44119763210618,77.1666,8474.837890625,11.725402367893821
18.1,65.63361528686107,77.1666,8413.4599609375,11.53298471313893
18.2,65.82375861917431,77.1666,8352.6416015625,11.34284138082569
18.3,66.01164628719513,77.1666,8292.3876953125,11.154953712804868
18.400000000000002,66.19729720258853,77.1666,8232.697265625,10.969302797411473
18.5,66.38073033100166,77.1666,8173.55908203125,10.785869668998345
18.6,66.561964346184,77.1666,8114.974609375,10.604635653816004
18.7,66.74101805073279,77.1666,8056.94287109375,10.425581949267212
18.8,66.91791029114034,77.1666,7999.46142578125,10.248689708859658
18.900000000000002,67.0926599056445,77.1666,7942.521484375,10.073940094355507
19.0,67.26528550925109,77.1666,7886.1220703125,9.901314490748916
19.1,67.43580575181105,77.1666,7830.267578125,9.730794248188957
19.200000000000003,67.60423949436188,77.1666,7774.94580078125,9.562360505638125
19.3,67.77060525186432,77.1666,7720.1572265625,9.395994748135678
19.400000000000002,67.93492161469977,77.1666,7665.900390625,9.231678385300228
19.5,68.09720718072825,77.1666,7612.1689453125,9.069392819271755
19.6,68.25748038972162,77.1666,7558.962890625,8.909119610278381
19.700000000000003,68.41575973297023,77.1666,7506.2744140625,8.750840267029773
19.8,68.57206349001902,77.1666,7454.099609375,8.594536509980983
19.900000000000002,68.72640985700555,77.1666,7402.44580078125,8.440190142994453
20.0,68.87881731936972,77.1666,7351.30078125,8.287782680630286
20.1,69.02930399730559,77.1666,7300.6591796875,8.137296002694413
20.200000000000003,69.1778878723088,77.1666,7250.5244140625,7.988712127691201
20.3,69.32458707866664,77.1666,7200.8896484375,7.842012921333364
20.400000000000002,69.46941955896233,77.1666,7151.7490234375,7.697180441037673
20.5,69.61240309498794,77.1666,7103.10595703125,7.554196905012063
20.6,69.75355561574055,77.1666,7054.9521484375,7.41304438425945
20.700000000000003,69.89289480421098,77.1666,7007.283203125,7.27370519578902
20.8,70.0304382263343,77.1666,6960.10009765625,7.136161773665705
20.900000000000002,70.16620350869967,77.1666,6913.39599609375,7.000396491300336
21.0,70.30020807600603,77.1666,6867.17041015625,6.866391923993973
21.1,70.43246936159086,77.1666,6821.4150390625,6.734130638409141
21.200000000000003,70.56300454506032,77.1666,6776.1337890625,6.603595454939679
21.3,70.69183095856239,77.1666,6731.3134765625,6.474769041437611
21.400000000000002,70.81896551463724,77.1666,6686.9619140625,6.347634485362761
21.5,70.94442540618545,77.1666,6643.0625,6.222174593814557
21.6,71.0682272897477,77.1666,6599.62255859375,6.098372710252306
21.700000000000003,71.19038808352072,77.1666,6556.63427734375,5.976211916479286
21.8,71.31092446039585,77.1666,6514.1005859375,5.8556755396041495
21.900000000000002,71.42985320557386,77.1666,6472.001953125,5.736746794426139
22.0,71.54719046545081,77.1666,6430.3544921875,5.619409534549192
22.1,71.66295293708073,77.1666,6389.13818359375,5.503647062919271
22.200000000000003,71.777156660127,77.1666,6348.365234375,5.389443339872997
22.3,71.88981809234193,77.1666,6308.01708984375,5.276781907658076
22.400000000000002,72.00095308106076,77.1666,6268.09814453125,5.165646918939245
22.5,72.11057762903204,77.1666,6228.603515625,5.056022370967966
22.6,72.21870758346017,77.1666,6189.53564453125,4.94789241653983
22.700000000000003,72.32535887966732,77.1666,6150.880859375,4.841241120332683
22.8,72.43054700214479,77.1666,6112.6376953125,4.736052997855211
22.900000000000002,72.53428739172058,77.1666,6074.81201171875,4.63231260827942
23.0,72.63659568912654,77.1666,6037.3896484375,4.530004310873466
23.1,72.7374870655783,77.1666,6000.373046875,4.4291129344216955
23.200000000000003,72.83697677672585,77.1666,5963.7587890625,4.3296232232741545
23.3,72.93507996607703,77.1666,5927.5380859375,4.231520033922976
23.400000000000002,73.03181148506583,77.1666,5891.71337890625,4.134788514934172
23.5,73.12718626752495,77.1666,5856.27978515625,4.0394137324750545
23.6,73.22121908429378,77.1666,5821.23388671875,3.945380915706224
23.700000000000003,73.31392459159244,77.1666,5786.572265625,3.8526754084075634
23.8,73.40531733044855,77.1666,5752.29150390625,3.7612826695514485
23.900000000000002,73.49541172614657,77.1666,5718.38671875,3.6711882738534314
24.0,73.58422203881054,77.1666,5684.8603515625,3.582377961189465
24.1,73.67176260742282,77.1666,5651.70166015625,3.494837392577182
24.200000000000003,73.75804740900739,77.1666,5618.908203125,3.4085525909926133
24.3,73.84309033561513,77.1666,5586.48095703125,3.323509664384872
24.400000000000002,73.92690530789471,77.1666,5554.4189453125,3.2396946921052887
24.5,74.00950620922846,77.1666,5522.708984375,3.1570937907715404
24.6,74.09090647778092,77.1666,5491.357421875,3.0756935222190833
24.700000000000003,74.17111975851007,77.1666,5460.3544921875,2.995480241489929
24.8,74.25015936446316,77.1666,5429.701171875,2.916440635536844
24.900000000000002,74.32803863529757,77.1666,5399.392578125,2.8385613647024286
25.0,74.40477074113483,77.1666,5369.4287109375,2.761829258865177
25.1,74.48036884527981,77.1666,5339.80029296875,2.68623115472019
25.200000000000003,74.55484579409178,77.1666,5310.5087890625,2.611754205908227
25.3,74.6282144755414,77.1666,5281.55322265625,2.5383855244586044
25.400000000000002,74.70048773716717,77.1666,5252.923828125,2.466112262832837
25.5,74.77167809234389,77.1666,5224.6220703125,2.394921907656112
25.6,74.8417980952079,77.1666,5196.642578125,2.3248019047920963
25.700000000000003,74.91086011199329,77.1666,5168.98486328125,2.2557398880067154
25.8,74.97887648388071,77.1666,5141.64501953125,2.1877235161192914
25.900000000000002,75.04585941254385,77.1666,5114.61669921875,2.1207405874561545
26.0,75.11182087850287,77.1666,5087.90185546875,2.054779121497134
26.1,75.17677291813835,77.1666,5061.498046875,1.9898270818616481
26.200000000000003,75.24072747653707,77.1666,5035.396484375,1.9258725234629281
26.3,75.30369619542948,77.1666,5009.6015625,1.8629038045705215
26.400000000000002,75.36569085333899,77.1666,4984.1025390625,1.800909146661013
26.5,75.42672285981392,77.1666,4958.90625,1.7398771401860813
26.6,75.48680384237433,77.1666,4933.9990234375,1.679796157625674
26.700000000000003,75.54594496136787,77.1666,4909.3837890625,1.6206550386321368
26.8,75.60415746452364,77.1666,4885.0576171875,1.5624425354763645
26.900000000000002,75.6614524909254,77.1666,4861.0166015625,1.5051475090746038
27.0,75.71784103830174,77.1666,4837.25927734375,1.4487589616982604
27.1,75.77333404445234,77.1666,4813.78466796875,1.3932659555476619
27.200000000000003,75.82794240335322,77.1666,4790.5830078125,1.338657596646783
27.3,75.88167667163098,77.1666,4767.65869140625,1.2849233283690182
27.400000000000002,75.93454754145891,77.1666,4745.0048828125,1.2320524585410908
27.5,75.98656546524401,77.1666,4722.6220703125,1.1800345347559897
27.6,76.03774090022722,77.1666,4700.50341796875,1.1288590997727823
27.700000000000003,76.08808406378687,77.1666,4678.65380859375,1.0785159362131367
27.8,76.1376053247106,77.1666,4657.06103515625,1.0289946752893968
27.900000000000002,76.18631463234081,77.1666,4635.72607421875,0.9802853676591923
28.0,76.23422195707761,77.1666,4614.6513671875,0.9323780429223945
28.1,76.28133733899338,77.1666,4593.8310546875,0.885262661006621
28.200000000000003,76.32767061046103,77.1666,4573.25830078125,0.8389293895389756
28.3,76.37323136372862,77.1666,4552.9345703125,0.7933686362713814
28.400000000000002,76.4180292281674,77.1666,4532.8564453125,0.748570771832604
28.5,76.46207370704549,77.1666,4513.0234375,0.7045262929545117
28.6,76.5053742753305,77.1666,4493.43359375,0.6612257246695066
28.700000000000003,76.54794033066085,77.1666,4474.0751953125,0.6186596693391522
28.8,76.5897808674,77.1666,4454.958984375,0.5768191326000078
28.900000000000002,76.63090522677217,77.1666,4436.07666015625,0.5356947732278314
29.0,76.67132246053137,77.1666,4417.4228515625,0.4952775394686313
29.1,76.71104142909724,77.1666,4399.00048828125,0.45555857090276675
29.200000000000003,76.75007107875687,77.1666,4380.80712890625,0.41652892124312757
29.3,76.78842026209472,77.1666,4362.83251953125,0.3781797379052847
29.400000000000002,76.82609747728957,77.1666,4345.0849609375,0.34050252271043746
29.5,76.86311148782977,77.1666,4327.55224609375,0.3034885121702331
29.6,76.89947063747893,77.1666,4310.2431640625,0.2671293625210751
29.700000000000003,76.9351835515967,77.1666,4293.14501953125,0.23141644840330855
29.8,76.97025841949278,77.1666,4276.2578125,0.19634158050722306
29.900000000000002,77.00470341877599,77.1666,4259.587890625,0.1618965812240134
30.0,77.03852692707369,77.1666,4243.1181640625,0.12807307292631265
30.1,77.07173673937305,77.1666,4226.859375,0.09486326062695127
30.200000000000003,77.10434099779819,77.1666,4210.80712890625,0.06225900220181302
30.3,77.13634768569145,77.1666,4194.95458984375,0.030252314308555128
30.400000000000002,77.1677645463201,77.1666,4179.30078125,-0.0011645463200977701
30.5,77.19859927875244,77.1666,4163.84326171875,-0.03199927875243702
30.6,77.22885948894462,77.1666,4148.5859375,-0.06225948894461908
30.700000000000003,77.25855290163858,77.1666,4133.51953125,-0.09195290163857806
30.8,77.28768692007253,77.1666,4118.6435546875,-0.12108692007252841
30.900000000000002,77.3162689197938,77.1666,4103.9599609375,-0.14966891979379682
31.0,77.34430633008442,77.1666,4089.4619140625,-0.17770633008441905
31.1,77.37180634045691,77.1666,4075.15234375,-0.2052063404569111
31.200000000000003,77.39877622691004,77.1666,4061.023193359375,-0.2321762269100418
31.3,77.4252229850422,77.1666,4047.07373046875,-0.2586229850421944
31.400000000000002,77.4511535749179,77.1666,4033.3056640625,-0.28455357491789357
31.5,77.47657500252225,77.1666,4019.716796875,-0.3099750025222505
31.6,77.50149418923189,77.1666,4006.303466796875,-0.3348941892318891
31.700000000000003,77.52591792301155,77.1666,3993.06396484375,-0.3593179230115453
31.8,77.549852923769,77.1666,3979.99609375,-0.38325292376899256
31.900000000000002,77.57330582711428,77.1666,3967.09814453125,-0.4067058271142798
32.0,77.59628320074158,77.1666,3954.36669921875,-0.42968320074157873
32.1,77.61879148745676,77.1666,3941.803955078125,-0.4521914874567585
32.2,77.64083719273451,77.1666,3929.402587890625,-0.47423719273450615
32.300000000000004,77.66242656678656,77.1666,3917.165283203125,-0.4958265667865618
32.4,77.68356593902496,77.1666,3905.09375,-0.5169659390249564
32.5,77.70426168525624,77.1666,3893.174560546875,-0.5376616852562393
32.6,77.7245197224003,77.1666,3881.41748046875,-0.5579197224002996
32.7,77.74434628330434,77.1666,3869.812255859375,-0.5777462833043359
32.800000000000004,77.76374724800063,77.1666,3858.36328125,-0.5971472480006241
32.9,77.78272863316604,77.1666,3847.065673828125,-0.616128633166042
33.0,77.80129628220818,77.1666,3835.917724609375,-0.6346962822081821
33.1,77.81945597146145,77.1666,3824.92138671875,-0.6528559714614488
33.2,77.83721353247383,77.1666,3814.07275390625,-0.6706135324738227
33.300000000000004,77.8545746563166,77.1666,3803.365234375,-0.687974656316598
33.4,77.8715448041889,77.1666,3792.806396484375,-0.7049448041888979
33.5,77.8881296803549,77.1666,3782.38623046875,-0.721529680354891
33.6,77.90433464502809,77.1666,3772.109375,-0.737734645028084
33.7,77.92016520382732,77.1666,3761.969970703125,-0.7535652038273213
33.800000000000004,77.93562665712227,77.1666,3751.9716796875,-0.7690266571222679
33.9,77.95072441813167,77.1666,3742.105712890625,-0.7841244181316682
34.0,77.96546359715721,77.1666,3732.37548828125,-0.798863597157208
34.1,77.97984940949343,77.1666,3722.776123046875,-0.8132494094934231
34.2,77.99388689818188,77.1666,3713.310302734375,-0.8272868981818817
34.300000000000004,78.007581186873,77.1666,3703.974365234375,-0.8409811868729946
34.4,78.0209372678074,77.1666,3694.769775390625,-0.854337267807395
34.5,78.03396017312869,77.1666,3685.68896484375,-0.867360173128688
34.6,78.04665467332738,77.1666,3676.734375,-0.8800546733273791
34.7,78.05902561175327,77.1666,3667.901123046875,-0.8924256117532678
34.800000000000004,78.0710776600278,77.1666,3659.197509765625,-0.9044776600277942
34.9,78.08281575829658,77.1666,3650.608154296875,-0.9162157582965733
35.0,78.09424432440156,77.1666,3642.142333984375,-0.9276443244015553
35.1,78.10536807773634,77.1666,3633.794921875,-0.9387680777363414
35.2,78.11619155794837,77.1666,3625.567138671875,-0.9495915579483665
35.300000000000004,78.12671933708998,77.1666,3617.4521484375,-0.9601193370899779
35.4,78.13695575067408,77.1666,3609.450439453125,-0.9703557506740736
35.5,78.14690514252675,77.1666,3601.564208984375,-0.9803051425267455
35.6,78.15657192177807,77.1666,3593.7890625,-0.9899719217780643
35.7,78.1659603427388,77.1666,3586.122802734375,-0.9993603427387967
35.800000000000004,78.17507457850573,77.1666,3578.57080078125,-1.0084745785057265
35.9,78.18391897366132,77.1666,3571.119873046875,-1.0173189736613182
36.0,78.19249742473473,77.1666,3563.7822265625,-1.0258974247347226
36.1,78.20081422836219,77.1666,3556.54736328125,-1.0342142283621882
36.2,78.20887332280083,77.1666,3549.41796875,-1.042273322800824
36.300000000000004,78.21667872855771,77.1666,3542.3857421875,-1.0500787285577076
36.4,78.22423418158995,77.1666,3535.46240234375,-1.0576341815899468
36.5,78.23154380191076,77.1666,3528.637451171875,-1.0649438019107578
36.6,78.23861135143132,77.1666,3521.91357421875,-1.072011351431314
36.7,78.24544067459195,77.1666,3515.286865234375,-1.0788406745919445
36.800000000000004,78.25203547821275,77.1666,3508.75341796875,-1.0854354782127444
36.9,78.25839933174869,77.1666,3502.320556640625,-1.091799331748689
37.0,78.26453604231335,77.1666,3495.98291015625,-1.09793604231335
37.1,78.27044923054845,77.1666,3489.73681640625,-1.1038492305484482
37.2,78.27614238800649,77.1666,3483.579833984375,-1.1095423880064885
37.300000000000004,78.28161891812705,77.1666,3477.522705078125,-1.1150189181270491
37.4,78.28688257634295,77.1666,3471.55029296875,-1.1202825763429445
37.5,78.29193660578233,77.1666,3465.66552734375,-1.1253366057823229
37.6,78.29678434115016,77.1666,3459.8740234375,-1.130184341150155
37.7,78.30142929815655,77.1666,3454.16650390625,-1.1348292981565464
37.800000000000004,78.30587467617644,77.1666,3448.54443359375,-1.1392746761764414
37.9,78.31012371733436,77.1666,3443.009033203125,-1.1435237173343609
38.0,78.31417969826379,77.1666,3437.560791015625,-1.1475796982637831
38.1,78.31804590558916,77.1666,3432.190673828125,-1.1514459055891564
38.2,78.32172531815982,77.1666,3426.90576171875,-1.1551253181598184
38.300000000000004,78.32522114535601,77.1666,3421.700927734375,-1.1586211453560082
38.400000000000006,78.32853641927221,77.1666,3416.573486328125,-1.1619364192722088
38.5,78.3316740765289,77.1666,3411.52880859375,-1.1650740765288958
38.6,78.33463722730778,77.1666,3406.5576171875,-1.168037227307778
38.7,78.3374286661767,77.1666,3401.6708984375,-1.1708286661767033
38.800000000000004,78.34005154891388,77.1666,3396.8544921875,-1.1734515489138744
38.900000000000006,78.34250855263869,77.1666,3392.115478515625,-1.1759085526386883
39.0,78.3448025855452,77.1666,3387.44873046875,-1.1782025855451934
39.1,78.34693637908647,77.1666,3382.85595703125,-1.1803363790864694
39.2,78.34891271643568,77.1666,3378.33740234375,-1.1823127164356748
39.300000000000004,78.35073438349629,77.1666,3373.89306640625,-1.1841343834962856
39.400000000000006,78.35240416074465,77.1666,3369.51513671875,-1.1858041607446523
39.5,78.35392456252823,77.1666,3365.204833984375,-1.1873245625282323
39.6,78.35529813902697,77.1666,3360.96728515625,-1.1886981390269682
39.7,78.35652760653274,77.1666,3356.7978515625,-1.1899276065327342
39.800000000000004,78.35761552123388,77.1666,3352.69775390625,-1.1910155212338793
39.900000000000006,78.3585644750569,77.1666,3348.657958984375,-1.191964475056892
40.0,78.3593767534134,77.1666,3344.68994140625,-1.1927767534133977
40.1,78.36005502015684,77.1666,3340.783203125,-1.1934550201568328
40.2,78.36060158359494,77.1666,3336.939208984375,-1.1940015835949396
40.300000000000004,78.36101879639402,77.1666,3333.163818359375,-1.194418796394018
40.400000000000006,78.36130920213677,77.1666,3329.44189453125,-1.1947092021367638
40.5,78.36147483429244,77.1666,3325.790771484375,-1.1948748342924347
40.6,78.36151830078296,77.1666,3322.194580078125,-1.194918300782959
40.7,78.36144167484379,77.1666,3318.660888671875,-1.1948416748437864
40.800000000000004,78.36124727819548,77.1666,3315.1884765625,-1.1946472781954753
40.900000000000006,78.36093738725685,77.1666,3311.768798828125,-1.1943373872568515
41.0,78.36051398881862,77.1666,3308.4130859375,-1.1939139888186219
41.1,78.359979440527,77.1666,3305.11083984375,-1.1933794405269964
41.2,78.35933574505968,77.1666,3301.86328125,-1.1927357450596787
41.300000000000004,78.35858494188336,77.1666,3298.67626953125,-1.1919849418833621
41.400000000000006,78.3577292619751,77.1666,3295.540283203125,-1.1911292619750924
41.5,78.35677061417604,77.1666,3292.45654296875,-1.19017061417604
41.6,78.35571094429645,77.1666,3289.429931640625,-1.189110944296445
41.7,78.35455235724841,77.1666,3286.4560546875,-1.187952357248406
41.800000000000004,78.35329680714163,77.1666,3283.535400390625,-1.1866968071416295
41.900000000000006,78.35194626052105,77.1666,3280.663818359375,-1.1853462605210439
42.0,78.3505025415463,77.1666,3277.84228515625,-1.1839025415463027
42.1,78.34896750336,77.1666,3275.07080078125,-1.1823675033599983
42.2,78.34734299544165,77.1666,3272.3505859375,-1.1807429954416477
42.300000000000004,78.3456309043496,77.1666,3269.67626953125,-1.1790309043496023
42.400000000000006,78.34383293367544,77.1666,3267.0537109375,-1.177232933675441
42.5,78.34195097917042,77.1666,3264.478515625,-1.1753509791704175
42.6,78.33998678618839,77.1666,3261.946044921875,-1.173386786188388
42.7,78.33794194183385,77.1666,3259.46337890625,-1.1713419418338447
42.800000000000004,78.33581826633406,77.1666,3257.028076171875,-1.169218266334056
42.900000000000006,78.33361749484327,77.1666,3254.632568359375,-1.1670174948432646
43.0,78.3313411065201,77.1666,3252.282958984375,-1.164741106520097
43.1,78.32899078126884,77.1666,3249.98291015625,-1.16239078126884
43.2,78.32656831787398,77.1666,3247.718017578125,-1.1599683178739753
43.300000000000004,78.3240750308796,77.1666,3245.5009765625,-1.1574750308795956
43.400000000000006,78.32151265587096,77.1666,3243.32470703125,-1.1549126558709588
43.5,78.31888268873071,77.1666,3241.186279296875,-1.1522826887307076
43.6,78.31618652461084,77.1666,3239.09521484375,-1.1495865246108394
43.7,78.3134258736338,77.1666,3237.041748046875,-1.1468258736338015
43.800000000000004,78.31060211665157,77.1666,3235.02734375,-1.1440021166515635
43.900000000000006,78.30771668066004,77.1666,3233.052001953125,-1.1411166806600335
44.0,78.3047709898258,77.1666,3231.115966796875,-1.1381709898257952
44.1,78.3017664736392,77.1666,3229.219482421875,-1.1351664736392024
44.2,78.29870456690415,77.1666,3227.3583984375,-1.1321045669041467
44.300000000000004,78.29558656307988,77.1666,3225.537841796875,-1.1289865630798772
44.400000000000006,78.29241392414929,77.1666,3223.752685546875,-1.1258139241492842
44.5,78.28918793810956,77.1666,3222.003662109375,-1.122587938109561
44.6,78.28590991484498,77.1666,3220.286865234375,-1.119309914844976
44.7,78.28258103128888,77.1666,3218.6123046875,-1.1159810312888823
44.800000000000004,78.27920279607139,77.1666,3216.964111328125,-1.1126027960713856
44.900000000000006,78.27577618527349,77.1666,3215.35498046875,-1.1091761852734834
45.0,78.2723025966863,77.1666,3213.78271484375,-1.1057025966862994
45.1,78.26878335200965,77.1666,3212.238525390625,-1.1021833520096465
45.2,78.26521947702925,77.1666,3210.728515625,-1.0986194770292457
45.300000000000004,78.26161219917253,77.1666,3209.252685546875,-1.0950121991725297
45.400000000000006,78.25796274343568,77.1666,3207.8056640625,-1.0913627434356812
45.5,78.25427215315187,77.1666,3206.3935546875,-1.0876721531518712
45.6,78.25054167326344,77.1666,3205.01123046875,-1.083941673263439
45.7,78.2467723751591,77.1666,3203.6591796875,-1.0801723751590941
45.800000000000004,78.24296534439881,77.1666,3202.337158203125,-1.076365344398809
45.900000000000006,78.23912165624532,77.1666,3201.046142578125,-1.0725216562453141
46.0,78.23524241642058,77.1666,3199.78125,-1.0686424164205732
46.1,78.23132856551547,77.1666,3198.547607421875,-1.0647285655154661
46.2,78.22738121334656,77.1666,3197.344970703125,-1.0607812133465586
46.300000000000004,78.2234014593884,77.1666,3196.164306640625,-1.0568014593883959
46.400000000000006,78.2193900994972,77.1666,3195.01611328125,-1.0527900994972015
46.5,78.21534827827762,77.1666,3193.89501953125,-1.048748278277614
46.6,78.2112769588361,77.1666,3192.801025390625,-1.0446769588360922
46.7,78.20717710237423,77.1666,3191.72998046875,-1.040577102374229
46.800000000000004,78.20304952969173,77.1666,3190.687744140625,-1.0364495296917227
46.900000000000006,78.19889525549472,77.1666,3189.66796875,-1.0322952554947165
47.0,78.19471508065978,77.1666,3188.67724609375,-1.0281150806597736
47.1,78.19051002445178,77.1666,3187.70947265625,-1.02391002445178
47.2,78.18628090044557,77.1666,3186.7705078125,-1.0196809004455645
47.300000000000004,78.18202871613943,77.1666,3185.850830078125,-1.015428716139425
47.400000000000006,78.17775415930602,77.1666,3184.955810546875,-1.0111541593060167
47.5,78.17345809559465,77.1666,3184.08984375,-1.0068580955946516
47.6,78.16914153559533,77.1666,3183.23828125,-1.002541535595327
47.7,78.16480499907831,77.1666,3182.4169921875,-0.9982049990783111
47.800000000000004,78.16044953434854,77.1666,3181.615234375,-0.9938495343485414
47.900000000000006,78.15607582917322,77.1666,3180.834716796875,-0.989475829173216
48.0,78.15168462699222,77.1666,3180.07421875,-0.9850846269922187
48.1,78.14727662904407,77.1666,3179.339111328125,-0.9806766290440692
48.2,78.14285271442215,77.1666,3178.62451171875,-0.9762527144221451
48.300000000000004,78.13841359754738,77.1666,3177.9306640625,-0.9718135975473814
48.400000000000006,78.13395999958097,77.1666,3177.2578125,-0.9673599995809639
48.5,78.12949264841176,77.1666,3176.6015625,-0.9628926484117528
48.6,78.12501212384788,77.1666,3175.967041015625,-0.9584121238478787
48.7,78.1205191756457,77.1666,3175.35400390625,-0.9539191756456944
48.800000000000004,78.11601454394103,77.1666,3174.76171875,-0.9494145439410318
48.900000000000006,78.11149894297432,77.1666,3174.18603515625,-0.9448989429743193
49.0,78.10697294708154,77.1666,3173.627685546875,-0.9403729470815421
49.1,78.10243715391121,77.1666,3173.0869140625,-0.9358371539112085
49.2,78.09789216808505,77.1666,3172.568359375,-0.9312921680850508
49.300000000000004,78.09333874783407,77.1666,3172.066162109375,-0.9267387478340652
49.400000000000006,78.08877745437114,77.1666,3171.58154296875,-0.9221774543711376
49.5,78.08420888854394,77.1666,3171.114501953125,-0.9176088885439384
49.6,78.07963365002239,77.1666,3170.660400390625,-0.9130336500223848
49.7,78.07505218250526,77.1666,3170.229248046875,-0.9084521825052576
49.800000000000004,78.07046526285515,77.1666,3169.810302734375,-0.9038652628551489
49.900000000000006,78.06587330793971,77.1666,3169.40966796875,-0.8992733079397084
50.0,78.06127693748915,77.1666,3169.02197265625,-0.8946769374891517
50.1,78.05667659078408,77.1666,3168.65283203125,-0.8900765907840764
50.2,78.05207289363055,77.1666,3168.30126953125,-0.8854728936305492
50.300000000000004,78.04746643802333,77.1666,3167.9580078125,-0.8808664380233324
50.400000000000006,78.0428575052085,77.1666,3167.638916015625,-0.8762575052084998
50.5,78.03824690544852,77.1666,3167.3271484375,-0.8716469054485145
50.6,78.03363488527022,77.1666,3167.0302734375,-0.8670348852702148
50.7,78.02902194328153,77.1666,3166.751953125,-0.8624219432815323
50.800000000000004,78.02440869932582,77.1666,3166.486328125,-0.8578086993258154
50.900000000000006,78.01979557650637,77.1666,3166.22998046875,-0.8531955765063657
51.0,78.01518288304177,77.1666,3165.9931640625,-0.8485828830417717
51.1,78.0105712687323,77.1666,3165.7646484375,-0.8439712687323038
51.2,78.00596100734309,77.1666,3165.554931640625,-0.8393610073430864
51.300000000000004,78.00135272243604,77.1666,3165.35400390625,-0.8347527224360363
51.400000000000006,77.996746702326,77.1666,3165.162841796875,-0.8301467023260045
51.5,77.99214326735685,77.1666,3164.99169921875,-0.8255432673568492
51.6,77.98754307943264,77.1666,3164.828125,-0.820943079432638
51.7,77.98294638366511,77.1666,3164.6748046875,-0.8163463836651061
51.800000000000004,77.97835351431054,77.1666,3164.535888671875,-0.8117535143105385
51.900000000000006,77.97376494347992,77.1666,3164.410888671875,-0.8071649434799184
52.0,77.96918112607447,77.1666,3164.290283203125,-0.8025811260744717
52.1,77.9646021983736,77.1666,3164.189453125,-0.7980021983735952
52.2,77.96002880966819,77.1666,3164.0927734375,-0.7934288096681854
52.300000000000004,77.95546108657027,77.1666,3164.01123046875,-0.7888610865702645
52.400000000000006,77.95089952207339,77.1666,3163.938720703125,-0.7842995220733826
52.5,77.94634440453727,77.1666,3163.876220703125,-0.7797444045372686
52.6,77.94179605435451,77.1666,3163.8232421875,-0.7751960543545096
52.7,77.9372547750055,77.1666,3163.780029296875,-0.7706547750054966
52.800000000000004,77.93272087753306,77.1666,3163.746826171875,-0.766120877533055
52.900000000000006,77.92819468052811,77.1666,3163.728271484375,-0.7615946805281055
53.0,77.9236766567649,77.1666,3163.7138671875,-0.7570766567648946
53.1,77.91916692777556,77.1666,3163.709716796875,-0.7525669277755611
53.2,77.91466581854205,77.1666,3163.715576171875,-0.7480658185420452
53.300000000000004,77.91017364527414,77.1666,3163.73095703125,-0.7435736452741395
53.400000000000006,77.90569070727948,77.1666,3163.75146484375,-0.7390907072794732
53.5,77.9012171566415,77.1666,3163.786865234375,-0.734617156641491
53.6,77.89675347104323,77.1666,3163.826416015625,-0.7301534710432236
53.7,77.89229976877043,77.1666,3163.871826171875,-0.7256997687704256
53.800000000000004,77.88785622491672,77.1666,3163.931884765625,-0.7212562249167149
53.900000000000006,77.88342330754256,77.1666,3163.99609375,-0.7168233075425547
54.0,77.87900113347774,77.1666,3164.07080078125,-0.7124011334777407
54.1,77.87459003116038,77.1666,3164.14990234375,-0.707990031160378
54.2,77.87019012471893,77.1666,3164.23486328125,-0.7035901247189287
54.300000000000004,77.86580158693222,77.1666,3164.334716796875,-0.6992015869322188
54.400000000000006,77.86142489169872,77.1666,3164.433837890625,-0.6948248916987154
54.5,77.85705999058456,77.1666,3164.5439453125,-0.6904599905845572
54.6,77.8527072263243,77.1666,3164.66259765625,-0.686107226324296
54.7,77.84836685952413,77.1666,3164.78662109375,-0.6817668595241315
54.800000000000004,77.84403904438001,77.1666,3164.91552734375,-0.6774390443800087
54.900000000000006,77.83972391850318,77.1666,3165.0546875,-0.6731239185031797
55.0,77.8354217984857,77.1666,3165.1982421875,-0.6688217984856948
55.1,77.83113280478182,77.1666,3165.346923828125,-0.664532804781814
55.2,77.82685708206309,77.1666,3165.5009765625,-0.6602570820630831
55.300000000000004,77.822594782877,77.1666,3165.66455078125,-0.6559947828770021
55.400000000000006,77.81834619798747,77.1666,3165.832763671875,-0.6517461979874639
55.5,77.81411145466011,77.1666,3166.005859375,-0.6475114546601048
55.6,77.80989068807065,77.1666,3166.18408203125,-0.6432906880706497
55.7,77.80568404128975,77.1666,3166.366943359375,-0.6390840412897489
55.800000000000004,77.80149164082606,77.1666,3166.5595703125,-0.634891640826055
55.900000000000006,77.79731378404458,77.1666,3166.751708984375,-0.6307137840445733
56.0,77.79315042556101,77.1666,3166.9541015625,-0.6265504255610068
56.1,77.78900187856645,77.1666,3167.16064453125,-0.6224018785664498
56.2,77.78486825197506,77.1666,3167.3720703125,-0.6182682519750529
56.300000000000004,77.7807496789418,77.1666,3167.587890625,-0.6141496789418
56.400000000000006,77.7766462760795,77.1666,3167.803955078125,-0.6100462760795011
56.5,77.7725580212824,77.1666,3168.030029296875,-0.6059580212824045
56.6,77.76848521838669,77.1666,3168.260009765625,-0.6018852183866841
56.7,77.76442796697016,77.1666,3168.494140625,-0.5978279669701578
56.800000000000004,77.76038637457539,77.1666,3168.73291015625,-0.5937863745753873
56.900000000000006,77.75636056484161,77.1666,3168.971923828125,-0.5897605648416118
57.0,77.752350514529,77.1666,3169.220703125,-0.5857505145289963
57.1,77.74835651819491,77.1666,3169.46826171875,-0.5817565181949078
57.2,77.74437850321202,77.1666,3169.725341796875,-0.5777785032120164
57.300000000000004,77.74041675558198,77.1666,3169.9814453125,-0.5738167555819729
57.400000000000006,77.73647121043284,77.1666,3170.24267578125,-0.5698712104328365
57.5,77.73254200670921,77.1666,3170.5078125,-0.5659420067092071
57.6,77.72862924236141,77.1666,3170.777099609375,-0.5620292423614046
57.7,77.72473302330803,77.1666,3171.050537109375,-0.5581330233080308
57.800000000000004,77.72085345527344,77.1666,3171.3232421875,-0.5542534552734395
57.900000000000006,77.7169904808433,77.1666,3171.60546875,-0.5503904808432907
58.0,77.71314438490866,77.1666,3171.885986328125,-0.5465443849086569
58.1,77.70931507704773,77.1666,3172.17138671875,-0.5427150770477311
58.2,77.70550268699913,77.1666,3172.455810546875,-0.5389026869991227
58.300000000000004,77.70170714872756,77.1666,3172.749267578125,-0.5351071487275618
58.400000000000006,77.69792873037251,77.1666,3173.041748046875,-0.5313287303725076
58.5,77.69416736552922,77.1666,3173.338134765625,-0.5275673655292223
58.6,77.6904231508764,77.1666,3173.637939453125,-0.523823150876396
58.7,77.6866961666219,77.1666,3173.93701171875,-0.5200961666218973
58.800000000000004,77.68298635432599,77.1666,3174.244873046875,-0.5163863543259879
58.900000000000006,77.67929397341469,77.1666,3174.55078125,-0.5126939734146845
59.0,77.6756189243448,77.1666,3174.856201171875,-0.5090189243448009
59.1,77.67196115665902,77.1666,3175.17041015625,-0.5053611566590206
59.2,77.66832092960301,77.1666,3175.482666015625,-0.5017209296030103
59.300000000000004,77.66469814345368,77.1666,3175.798583984375,-0.4980981434536744
59.400000000000006,77.66109288607721,77.1666,3176.113525390625,-0.49449288607721087
59.5,77.65750509038278,77.1666,3176.432373046875,-0.49090509038278185
59.6,77.65393485236406,77.1666,3176.75390625,-0.48733485236405727
59.7,77.65038222710352,77.1666,3177.078857421875,-0.4837822271035179
59.800000000000004,77.64684729402924,77.1666,3177.40185546875,-0.4802472940292404
59.900000000000006,77.64332995318672,77.1666,3177.728759765625,-0.4767299531867195
